tag,prog,img,gpu_pct,blk_size,cpu_threads,ite,all_resptime,cpu_branch,cpu_brmiss,cpu_cachemiss,cpu_cachetot,cpu_clock,cpu_inst,cpu_llcmiss,cpu_llctot,cpu_totcyc,gpu_actcyc,gpu_branch,gpu_cta,gpu_divbr,gpu_hit,gpu_inst,gpu_miss,gpu_totcyc
sequ,convolution,1,0,0,1,1,23.90,15392714953,1720346,17036435,26415654,22679.885930,173849267512,0,0,73945625635,NA,NA,NA,NA,NA,NA,NA,NA
sequ,convolution,1,0,0,1,2,23.09,15397617269,1453474,17100325,25661480,22600.659781,173813022554,0,0,73658087005,NA,NA,NA,NA,NA,NA,NA,NA
sequ,convolution,1,0,0,1,3,23.11,15392608673,1442647,17026812,26209402,22709.568433,173812048789,0,0,74042309323,NA,NA,NA,NA,NA,NA,NA,NA
gpuo,convolution,1,1,8,0,1,4.45,2450422056,656566,19036365,27581935,3231.752918,13429775079,0,0,10303684145,1644178871,99532800,1555202,0,538309724,1580083200,59245556,1644183882
gpuo,convolution,1,1,8,0,2,3.63,2462559608,739780,19057013,27025014,3241.213240,13443856325,0,0,10358072060,1642771374,99532800,1555210,0,538618236,1580083200,58608768,1642776370
gpuo,convolution,1,1,8,0,3,4.48,2442088997,702174,18552894,27068867,3251.193937,13362998508,0,0,10374639481,1644202615,99532800,1555204,0,538181406,1580083200,59319928,1644207404
gpuo,convolution,1,1,16,0,1,3.23,1923938427,711166,19083988,27954307,2819.810386,11371673735,0,0,8914524238,1072685270,99532800,390022,0,225280918,1579927680,226766942,1072691698
gpuo,convolution,1,1,16,0,2,3.26,1909350245,630274,19145190,28758959,2818.091645,11389364674,0,0,8954628370,1072999719,99532800,390068,0,225124120,1579927680,226972080,1073004968
gpuo,convolution,1,1,16,0,3,3.33,1908143638,650702,18983605,27752587,2828.373613,11313233993,0,0,8949969961,1072806904,99532800,389966,0,225132192,1579927680,226843162,1072811508
gpuo,convolution,1,1,32,0,1,3.22,1906388515,693153,19253270,27353764,2795.195526,11278272376,0,0,8923160169,1047169621,99532800,97200,0,230020018,1579849920,142864886,1061657686
gpuo,convolution,1,1,32,0,2,3.22,1894527617,758526,19633803,27169791,2809.157045,11240919447,0,0,8883589172,1047168474,99532800,97200,0,229989752,1579849920,142896132,1061659810
gpuo,convolution,1,1,32,0,3,3.34,1897394003,749619,18507364,27207588,2811.949661,11244274183,0,0,8890537286,1047104643,99532800,97200,0,230161960,1579849920,142723884,1061600032
cpuo,convolution,1,0,0,2,1,12.97,15390657606,1491242,17101266,26308111,23283.178317,173864177362,0,0,73774650749,NA,NA,NA,NA,NA,NA,NA,NA
cpuo,convolution,1,0,0,2,2,13.16,15400414481,1664475,17103398,26406750,23273.893335,173898862796,0,0,73832677479,NA,NA,NA,NA,NA,NA,NA,NA
cpuo,convolution,1,0,0,2,3,13.02,15392276937,1447924,17228142,26281339,23286.434217,173721231401,0,0,73660413212,NA,NA,NA,NA,NA,NA,NA,NA
cpuo,convolution,1,0,0,4,1,7.69,15397298896,1532400,17407458,27286364,23851.408370,173780211159,0,0,73755441517,NA,NA,NA,NA,NA,NA,NA,NA
cpuo,convolution,1,0,0,4,2,7.69,15412698107,1466151,17320215,26778169,23830.376297,173892938033,0,0,73717193422,NA,NA,NA,NA,NA,NA,NA,NA
cpuo,convolution,1,0,0,4,3,8.42,15388781602,1689300,18376063,28827542,24545.425822,173689418041,0,0,75971366642,NA,NA,NA,NA,NA,NA,NA,NA
cpuo,convolution,1,0,0,8,1,7.68,15412474416,2543213,18658296,30079879,45004.267229,173886420794,0,0,139051442763,NA,NA,NA,NA,NA,NA,NA,NA
cpuo,convolution,1,0,0,8,2,7.61,15431341332,2327401,18468824,29160765,45101.192165,173978965502,0,0,139425129944,NA,NA,NA,NA,NA,NA,NA,NA
cpuo,convolution,1,0,0,8,3,7.60,15411925079,2184709,18569607,28948110,45164.930490,174039357485,0,0,139635456813,NA,NA,NA,NA,NA,NA,NA,NA
gpu25,convolution,1,0.25,8,2,1,14.58,12163553100,1928504,19063482,30721670,18721.347342,133925329982,0,0,58750058446,411446174,24883200,388796,0,134467524,395020800,14706836,411451218
gpu25,convolution,1,0.25,8,2,2,10.77,12172166534,1406314,18231789,28762562,18553.255194,133879946034,0,0,58519982844,411332869,24883200,388810,0,134523258,395020800,14643284,411338912
gpu25,convolution,1,0.25,8,2,3,10.64,12174501743,1440320,17737701,27058118,18326.966569,133757395954,0,0,57964247490,411737746,24883200,388806,0,134544512,395020800,14791378,411742830
gpu25,convolution,1,0.25,8,4,1,6.67,12165370287,1312731,17512959,26708632,18678.311814,133825124196,0,0,57890272607,411475215,24883200,388802,0,134450358,395020800,14737458,411481090
gpu25,convolution,1,0.25,8,4,2,6.66,12174046401,1313004,17545932,25965459,18685.170097,133700498699,0,0,57860124623,411666242,24883200,388804,0,134428552,395020800,14786370,411671052
gpu25,convolution,1,0.25,8,4,3,6.66,12165584859,1472058,17616299,26029061,18667.565129,133680327633,0,0,57798208764,411784027,24883200,388804,0,134509558,395020800,14794648,411789966
gpu25,convolution,1,0.25,8,8,1,6.64,12190732532,1896074,18499565,29457283,34638.792108,134017990322,0,0,107205759677,411968803,24883200,388806,0,134327748,395020800,14940580,411975708
gpu25,convolution,1,0.25,8,8,2,6.62,12166062438,1877826,18406894,29545038,34713.471015,133794980069,0,0,107279335517,411191307,24883200,388804,0,134718924,395020800,14525554,411197342
gpu25,convolution,1,0.25,8,8,3,6.60,12153759345,1828198,18309269,28477753,34621.622222,133705198700,0,0,107002877398,411504393,24883200,388802,0,134478470,395020800,14716590,411510536
gpu25,convolution,1,0.25,16,2,1,10.57,12014272386,1443181,17511119,27833540,18173.925415,133122377737,0,0,57770991890,265541877,24888960,98192,0,57433476,394922880,55434138,265546710
gpu25,convolution,1,0.25,16,2,2,10.52,12032662364,1242884,17945941,26734580,18150.321635,133210815060,0,0,57784572228,266454000,24888960,98178,0,57051062,394922880,55790224,266460586
gpu25,convolution,1,0.25,16,2,3,11.41,12007293399,1315766,17680454,27058390,18177.060132,133182429057,0,0,57738482768,266506762,24888960,98188,0,57023076,394922880,55850888,266512108
gpu25,convolution,1,0.25,16,4,1,6.79,12036571442,1245036,18017283,26961078,18592.913710,133136729657,0,0,57476222600,265761358,24888960,98186,0,57309344,394922880,55553904,265767238
gpu25,convolution,1,0.25,16,4,2,6.57,12028642588,1309935,17647017,26854081,18561.594900,133239070864,0,0,57515203828,265965744,24888960,98234,0,57271652,394922880,55628366,265970472
gpu25,convolution,1,0.25,16,4,3,6.56,12042904584,1265263,18025118,27148536,18581.975795,133362808724,0,0,57579741520,265818081,24888960,98232,0,57344838,394922880,55572778,265823524
gpu25,convolution,1,0.25,16,8,1,6.53,12031736297,1892162,18425190,28540409,34667.760053,133253109555,0,0,107159631366,266260544,24888960,98200,0,57145528,394922880,55691946,266265212
gpu25,convolution,1,0.25,16,8,2,6.52,12029973613,1893492,18145923,27343926,34557.684776,133224320694,0,0,106782888452,266031366,24888960,98172,0,57175942,394922880,55682132,266036566
gpu25,convolution,1,0.25,16,8,3,6.51,12013963617,1790612,18108594,27830440,34541.184255,133153097031,0,0,106711612157,266304392,24888960,98224,0,57152104,394922880,55741080,266309290
gpu25,convolution,1,0.25,32,2,1,10.80,12018636668,1239686,17559327,27039757,18110.386042,133236310820,0,0,57484841093,263571583,24888960,24480,0,57902960,394845120,35242380,267226462
gpu25,convolution,1,0.25,32,2,2,10.51,12029165532,1323568,17611173,26086844,18151.140853,133165484878,0,0,57735191767,263540361,24888960,24480,0,57944618,394845120,35195346,267196760
gpu25,convolution,1,0.25,32,2,3,10.53,12025888050,1488440,17634059,26826608,18159.632038,133133576478,0,0,57668936462,263590214,24888960,24480,0,57956658,394845120,35189102,267246814
gpu25,convolution,1,0.25,32,4,1,6.60,12021863671,1347911,18265912,27801295,18742.586397,133074766989,0,0,57976792432,263567429,24888960,24480,0,57950698,394845120,35192726,267225020
gpu25,convolution,1,0.25,32,4,2,6.62,12046393939,1354017,17980927,27843584,18724.582669,133361119121,0,0,57936505590,263471194,24888960,24480,0,57910762,394845120,35230650,267127904
gpu25,convolution,1,0.25,32,4,3,6.60,12023081144,1320480,18219543,26880421,18671.890096,133088959317,0,0,57758187795,263543671,24888960,24480,0,57944752,394845120,35203360,267198742
gpu25,convolution,1,0.25,32,8,1,6.51,12022056042,1866717,18380223,27905135,34537.567376,133235087046,0,0,106706083465,263541171,24888960,24482,0,57985186,394845120,35165798,267196502
gpu25,convolution,1,0.25,32,8,2,6.60,12031252071,1836967,18526555,28183840,34518.518765,133167874692,0,0,106687359175,263564392,24888960,24480,0,57946528,394845120,35197196,267219368
gpu25,convolution,1,0.25,32,8,3,6.51,12028554907,1936392,18551086,28120720,34535.004864,133097259216,0,0,106750595231,263563226,24888960,24482,0,57965454,394845120,35186302,267220132
gpu50,convolution,1,0.5,8,2,1,8.39,8895696952,1282447,18275103,27990862,13390.557142,93456750152,0,0,42255672166,821791603,49766400,777594,0,269235716,790041600,29504382,821796602
gpu50,convolution,1,0.5,8,2,2,8.41,8962003056,1197659,18978956,27534004,13501.185114,93716184760,0,0,42538402409,821428915,49766400,777600,0,269119356,790041600,29393512,821433796
gpu50,convolution,1,0.5,8,2,3,9.28,8914148322,1385159,18474217,28018668,13658.182192,93576121005,0,0,43136040272,821633971,49766400,777598,0,269204342,790041600,29456354,821639124
gpu50,convolution,1,0.5,8,4,1,5.68,8948866829,993634,18689156,27999141,13547.976366,93800009662,0,0,42088582370,822258231,49766400,777598,0,268920520,790041600,29786594,822263308
gpu50,convolution,1,0.5,8,4,2,5.73,8951215185,1079043,18539740,27626208,13736.908002,93718433166,0,0,42708182513,822090723,49766400,777600,0,269087222,790041600,29675366,822095528
gpu50,convolution,1,0.5,8,4,3,5.71,8935410617,1235965,17994437,26858831,13554.609443,93545929869,0,0,42047790701,821550543,49766400,777604,0,269158424,790041600,29450350,821555842
gpu50,convolution,1,0.5,8,8,1,5.66,8943851822,1431939,19176434,28965665,24190.036592,93709080693,0,0,74946751990,821253233,49766400,777602,0,269321312,790041600,29279058,821258540
gpu50,convolution,1,0.5,8,8,2,5.65,8914902814,1572275,17984746,27413264,24223.881427,93595683478,0,0,74990613161,821538667,49766400,777602,0,269249316,790041600,29385374,821543796
gpu50,convolution,1,0.5,8,8,3,5.65,8922593309,1543126,18467714,28880453,24185.245382,93763211446,0,0,74915895404,820876033,49766400,777600,0,269474310,790041600,29076880,820881408
gpu50,convolution,1,0.5,16,2,1,8.21,8662122441,1114791,18561639,28007558,13036.960583,92635944837,0,0,41511392501,534667396,49766400,195072,0,113204428,789886080,112830836,534672532
gpu50,convolution,1,0.5,16,2,2,8.13,8672639036,1071260,18795113,27573619,13032.341009,92647652046,0,0,41427236046,535427838,49766400,195000,0,112819532,789886080,113131674,535433076
gpu50,convolution,1,0.5,16,2,3,8.10,8662897479,1098401,18088583,26541749,13000.654053,92557225693,0,0,41310770788,536525080,49766400,195056,0,112543440,789886080,113470690,536530458
gpu50,convolution,1,0.5,16,4,1,5.60,8626159867,1346175,19323499,29617410,13750.122127,92459991254,0,0,42424362221,534253866,49766400,195024,0,113252434,789886080,112727456,534258840
gpu50,convolution,1,0.5,16,4,2,5.61,8674557866,1306602,18726278,28613394,13756.218212,92665780367,0,0,42593777594,535055970,49766400,195042,0,113084846,789886080,112912180,535061140
gpu50,convolution,1,0.5,16,4,3,5.92,8658686503,1133557,19079701,28266280,13450.427680,92353500146,0,0,41700337291,535592388,49766400,194932,0,112694256,789886080,113179096,535598396
gpu50,convolution,1,0.5,16,8,1,6.37,8714307367,1581843,18219093,28380816,24022.668167,92883866502,0,0,74309512449,535264286,49766400,194990,0,112903212,789886080,113035022,535269628
gpu50,convolution,1,0.5,16,8,2,5.45,8652752332,1607514,18374012,28418454,23983.568454,92645692717,0,0,74228255763,535816564,49766400,195006,0,112640624,789886080,113319278,535822046
gpu50,convolution,1,0.5,16,8,3,5.55,8660055901,1547679,18553488,28943434,23958.748234,92671674665,0,0,74115793782,536255300,49766400,195086,0,112501920,789886080,113546868,536260764
gpu50,convolution,1,0.5,32,2,1,8.07,8667916262,1056575,18609956,28005973,12982.747717,92660629054,0,0,41319086885,524580181,49777920,48960,0,115565656,789923520,70824296,531885842
gpu50,convolution,1,0.5,32,2,2,8.12,8663802103,1181779,17776394,26532047,13037.219778,92662339480,0,0,41511251254,524602102,49777920,48960,0,115492720,789923520,70896988,531907824
gpu50,convolution,1,0.5,32,2,3,8.09,8668824668,1179770,18111063,26159007,13009.148526,92564230820,0,0,41341087107,524603708,49777920,48960,0,115501232,789923520,70889108,531905446
gpu50,convolution,1,0.5,32,4,1,5.62,8658823027,1326203,19787616,30522457,13838.930795,92541161139,0,0,42819884270,524570167,49777920,48960,0,115483352,789923520,70907208,531872942
gpu50,convolution,1,0.5,32,4,2,5.61,8629615236,1109889,19021978,28483160,13496.178200,92502655643,0,0,41851811509,524596319,49777920,48960,0,115466584,789923520,70923556,531899364
gpu50,convolution,1,0.5,32,4,3,5.56,8650981547,1270743,18201401,27941892,13526.813213,92508238234,0,0,41883968014,524584704,49777920,48960,0,115515924,789923520,70874448,531888534
gpu50,convolution,1,0.5,32,8,1,5.45,8649993307,1537490,18148671,27884582,23937.206483,92612219222,0,0,74100338087,524607814,49777920,48960,0,115458146,789923520,70932626,531912346
gpu50,convolution,1,0.5,32,8,2,5.46,8660013642,1665113,18154476,27237200,23941.196974,92600819533,0,0,74196677116,524548180,49777920,48960,0,115550184,789923520,70840576,531850122
gpu50,convolution,1,0.5,32,8,3,6.25,8635139669,1560333,18242001,28468349,23957.185645,92563339922,0,0,74184063290,524592931,49777920,48962,0,115550776,789923520,70847044,531897222
gpu75,convolution,1,0.75,8,2,1,5.94,5687499483,974850,18655394,28282929,8282.890208,53474919769,0,0,26215960793,1234818781,74649600,1166412,0,403720698,1185062400,44138762,1234824796
gpu75,convolution,1,0.75,8,2,2,6.04,5687742181,914723,18844090,28790491,8281.980700,53513894383,0,0,26281121750,1235551106,74649600,1166406,0,403415412,1185062400,44504352,1235557300
gpu75,convolution,1,0.75,8,2,3,5.95,5686150233,971557,18283582,26953778,8266.408818,53529851087,0,0,26284598216,1236127602,74649600,1166418,0,403343670,1185062400,44792728,1236134498
gpu75,convolution,1,0.75,8,4,1,4.72,5682855246,1040331,18920386,28161751,8395.503001,53494440489,0,0,26226503817,1235373220,74649600,1166406,0,403573402,1185062400,44428690,1235378614
gpu75,convolution,1,0.75,8,4,2,4.70,5714833820,912408,18847609,28183622,8385.712773,53634304722,0,0,26217474136,1235713938,74649600,1166410,0,403646898,1185062400,44521182,1235720754
gpu75,convolution,1,0.75,8,4,3,4.71,5720514394,911169,18994775,27624032,8385.205359,53680234224,0,0,26250471612,1234631248,74649600,1166406,0,403741834,1185062400,44053394,1234636576
gpu75,convolution,1,0.75,8,8,1,4.69,5690609868,1083057,18939275,28473826,13754.708223,53520236144,0,0,42657821753,1235505386,74649600,1166408,0,403663496,1185062400,44411384,1235510578
gpu75,convolution,1,0.75,8,8,2,4.70,5710074388,1132432,19073047,28925009,13729.580176,53646403265,0,0,42642867656,1236155172,74649600,1166406,0,403461522,1185062400,44776398,1236160682
gpu75,convolution,1,0.75,8,8,3,4.68,5637456334,1170280,18872475,28435699,13712.662483,53170591683,0,0,42400004124,1234208076,74649600,1166412,0,404036582,1185062400,43827050,1234213254
gpu75,convolution,1,0.75,16,2,1,5.62,5293285832,954622,18619743,27712524,7910.376243,52041250684,0,0,25165793692,801781598,74655360,293104,0,170671052,1184964480,168181078,801786410
gpu75,convolution,1,0.75,16,2,2,5.60,5291314034,928508,18294421,26949675,7904.513631,51958328443,0,0,25164771329,801920426,74655360,293136,0,170605330,1184964480,168285358,801926568
gpu75,convolution,1,0.75,16,2,3,5.63,5291037697,929031,18479506,27443049,7922.920898,51960726366,0,0,25139430714,801228010,74655360,293190,0,171088824,1184964480,167862378,801233084
gpu75,convolution,1,0.75,16,4,1,4.44,5269000825,971768,18925501,27075481,8218.836702,51872821092,0,0,25521352805,801336127,74655360,293066,0,170745374,1184964480,168062728,801340862
gpu75,convolution,1,0.75,16,4,2,4.33,5259944939,958625,18732249,27856870,8115.672216,51705488138,0,0,25287933178,801945032,74655360,293142,0,170666702,1184964480,168229660,801950582
gpu75,convolution,1,0.75,16,4,3,4.33,5290301359,1042252,18293762,27388630,8085.930868,52008584022,0,0,25190871113,801272708,74655360,293166,0,170894418,1184964480,168025244,801277536
gpu75,convolution,1,0.75,16,8,1,4.41,5295441806,1191367,18244672,27328248,13407.053139,51951198577,0,0,41649675776,801582913,74655360,293154,0,170857992,1184964480,168053270,801587958
gpu75,convolution,1,0.75,16,8,2,4.29,5277706867,1073508,19080801,27538793,13393.985422,51877962846,0,0,41563060943,801616068,74655360,293116,0,170761216,1184964480,168099130,801620820
gpu75,convolution,1,0.75,16,8,3,4.29,5286567482,1189330,18572937,27568663,13391.454254,51938849497,0,0,41525012306,801871018,74655360,293046,0,170595348,1184964480,168182836,801876194
gpu75,convolution,1,0.75,32,2,1,5.60,5290271723,873704,19035079,27525985,7896.060834,52022987971,0,0,25171829469,792697159,74666880,73444,0,173074292,1185001920,106579492,803644358
gpu75,convolution,1,0.75,32,2,2,5.62,5302676826,930208,18905653,27706252,7923.959558,52079298912,0,0,25251652915,792731065,74666880,73444,0,173088726,1185001920,106558638,803680466
gpu75,convolution,1,0.75,32,2,3,5.62,5290008312,901883,18026422,26881039,7916.717280,51974082807,0,0,25140234528,792682906,74666880,73448,0,173016402,1185001920,106647198,803632822
gpu75,convolution,1,0.75,32,4,1,4.38,5303568034,1042158,19186892,29073534,8352.182649,51919669885,0,0,25916526797,792691604,74666880,73444,0,173075154,1185001920,106572918,803640656
gpu75,convolution,1,0.75,32,4,2,4.34,5265115533,946881,19104075,28347493,8244.326174,51857018858,0,0,25741874027,792670088,74666880,73442,0,173004312,1185001920,106636524,803617778
gpu75,convolution,1,0.75,32,4,3,4.33,5283234015,923820,19335671,27411985,8076.413708,51860933016,0,0,25082365590,792696792,74666880,73442,0,173111686,1185001920,106534418,803647018
gpu75,convolution,1,0.75,32,8,1,4.29,5279618344,1180590,18490385,27328940,13382.491777,51873672343,0,0,41506514853,792718080,74666880,73440,0,172994846,1185001920,106633474,803668088
gpu75,convolution,1,0.75,32,8,2,4.40,5284832238,1145652,18722585,27936848,13434.507605,51914055574,0,0,41725821704,792697976,74666880,73444,0,173039818,1185001920,106618790,803649064
gpu75,convolution,1,0.75,32,8,3,4.29,5271113913,1098691,19027742,27951917,13372.521424,51723279087,0,0,41393598827,792659310,74666880,73442,0,173028220,1185001920,106623140,803610566
sequ,convolution,4,0,0,1,1,5.97,3881942038,631301,5465612,8546605,5752.820262,43595480653,0,0,18713530387,NA,NA,NA,NA,NA,NA,NA,NA
sequ,convolution,4,0,0,1,2,5.96,3866114116,771658,5486090,8386697,5760.650742,43455170093,0,0,18664289123,NA,NA,NA,NA,NA,NA,NA,NA
sequ,convolution,4,0,0,1,3,5.92,3870965875,583602,5411444,8730115,5721.598037,43507413106,0,0,18562094629,NA,NA,NA,NA,NA,NA,NA,NA
gpuo,convolution,4,1,8,0,1,1.14,658964500,502307,5585337,8673873,908.429964,3540699115,0,0,2758090969,426059010,24883200,388854,0,127392832,395020800,22013924,426063900
gpuo,convolution,4,1,8,0,2,1.15,637497341,461041,5684794,8321908,901.846578,3462658586,0,0,2725139999,425304696,24883200,388870,0,127910038,395020800,21497554,425310160
gpuo,convolution,4,1,8,0,3,1.14,644055667,487890,6038536,8809473,909.562050,3496183295,0,0,2745310453,425283160,24883200,388856,0,127877042,395020800,21514992,425288304
gpuo,convolution,4,1,16,0,1,1.05,489855557,337067,5785944,8614920,791.888106,2899971872,0,0,2368268428,267600908,24883200,97488,0,56058654,394943040,56839330,267607766
gpuo,convolution,4,1,16,0,2,1.04,499538327,492733,5945919,8821187,779.762616,2921012355,0,0,2364302866,268083838,24883200,97512,0,55859754,394943040,57064908,268089804
gpuo,convolution,4,1,16,0,3,0.94,499916254,489106,5908385,8680062,778.037124,2930695522,0,0,2336019734,268082914,24883200,97506,0,55810806,394943040,57108344,268088040
gpuo,convolution,4,1,32,0,1,0.93,487502797,491884,5557020,8954791,767.686872,2880196404,0,0,2342896173,251676877,24888960,24480,0,64096716,394961760,29033276,255351296
gpuo,convolution,4,1,32,0,2,0.93,485654379,480474,5928328,8223585,779.030053,2911544731,0,0,2390264643,251597004,24888960,24480,0,64039796,394961760,29090516,255270710
gpuo,convolution,4,1,32,0,3,0.93,487504959,447620,5679382,8848457,767.989719,2888825180,0,0,2360046251,251616673,24888960,24480,0,64068372,394961760,29062580,255288476
cpuo,convolution,4,0,0,2,1,3.46,3882448664,781112,5401280,8765559,5992.177691,43469514750,0,0,18832309269,NA,NA,NA,NA,NA,NA,NA,NA
cpuo,convolution,4,0,0,2,2,3.40,3872670987,689731,5496304,8634064,5890.543601,43531820946,0,0,18588355270,NA,NA,NA,NA,NA,NA,NA,NA
cpuo,convolution,4,0,0,2,3,3.46,3866039776,740581,5786833,9222494,5979.349125,43491704215,0,0,18803771162,NA,NA,NA,NA,NA,NA,NA,NA
cpuo,convolution,4,0,0,4,1,2.13,3866300912,659759,5198716,8728520,6084.936604,43526380777,0,0,18725085587,NA,NA,NA,NA,NA,NA,NA,NA
cpuo,convolution,4,0,0,4,2,2.12,3874555962,546711,5535085,8622877,6033.884268,43637086157,0,0,18615762045,NA,NA,NA,NA,NA,NA,NA,NA
cpuo,convolution,4,0,0,4,3,2.09,3870510547,697930,5434103,8493304,6014.546254,43364465712,0,0,18429109872,NA,NA,NA,NA,NA,NA,NA,NA
cpuo,convolution,4,0,0,8,1,2.07,3869060911,802732,5831411,9375880,11342.309185,43535968276,0,0,34995863231,NA,NA,NA,NA,NA,NA,NA,NA
cpuo,convolution,4,0,0,8,2,2.12,3875944866,840572,5528362,9211366,11700.706049,43533266348,0,0,35947639813,NA,NA,NA,NA,NA,NA,NA,NA
cpuo,convolution,4,0,0,8,3,2.08,3871466449,790444,5683453,9431843,11345.824509,43532071748,0,0,34952161142,NA,NA,NA,NA,NA,NA,NA,NA
gpu25,convolution,4,0.25,8,2,1,3.15,3069950237,680670,6031537,9471226,4667.149027,33518770654,0,0,14673549170,106887971,6222240,97930,0,31916118,98769600,5380656,106893936
gpu25,convolution,4,0.25,8,2,2,2.95,3056682860,667499,5349889,8924744,4632.316185,33512275701,0,0,14597289514,106768080,6222240,97938,0,31996766,98769600,5305246,106773166
gpu25,convolution,4,0.25,8,2,3,2.84,3063005480,673294,5535145,8951382,4633.082675,33492781176,0,0,14576156204,106816733,6222240,97930,0,31961020,98769600,5321338,106821582
gpu25,convolution,4,0.25,8,4,1,1.86,3057177320,535612,5284217,8628416,4745.574271,33542976884,0,0,14604226749,106717586,6222240,97940,0,32043562,98769600,5256400,106722458
gpu25,convolution,4,0.25,8,4,2,1.87,3057915241,609347,5327083,9000106,4759.459815,33531059974,0,0,14641458362,106912013,6222240,97928,0,31885214,98769600,5409144,106916874
gpu25,convolution,4,0.25,8,4,3,1.88,3057372966,606124,5080018,8779410,4764.400942,33558769294,0,0,14659063581,106830996,6222240,97924,0,31928620,98769600,5364820,106835860
gpu25,convolution,4,0.25,8,8,1,1.85,3069565718,843981,5720741,9614676,8740.116916,33543257846,0,0,26868936827,106866168,6222240,97936,0,31951878,98769600,5363382,106872092
gpu25,convolution,4,0.25,8,8,2,1.84,3067374787,831967,5619721,9577775,8721.653245,33576287823,0,0,26829220512,106769959,6222240,97936,0,31997968,98769600,5302462,106775104
gpu25,convolution,4,0.25,8,8,3,1.87,3064908708,806541,5683408,9642402,8731.580586,33541820753,0,0,26780064756,106718345,6222240,97940,0,32036020,98769600,5263868,106723438
gpu25,convolution,4,0.25,16,2,1,2.85,3035124291,567894,5840145,8565408,4625.761806,33272749802,0,0,14517218372,66346987,6222240,24530,0,14145826,98691840,14011580,66352148
gpu25,convolution,4,0.25,16,2,2,2.84,3030629474,603046,5393392,8556478,4613.713732,33309059991,0,0,14551984922,66327700,6222240,24554,0,14174894,98691840,14012830,66333860
gpu25,convolution,4,0.25,16,2,3,2.86,3030325402,507643,5682048,8498853,4614.889599,33407969465,0,0,14486025960,66407873,6222240,24540,0,14145440,98691840,14028922,66414374
gpu25,convolution,4,0.25,16,4,1,1.89,3036292954,640669,5346278,8828514,4784.602874,33473044448,0,0,14634824357,66367122,6222240,24534,0,14137312,98691840,14021092,66373286
gpu25,convolution,4,0.25,16,4,2,1.87,3023993025,597712,5450481,8102371,4734.867236,33442191906,0,0,14578310719,66351316,6222240,24542,0,14163672,98691840,14005582,66357180
gpu25,convolution,4,0.25,16,4,3,1.86,3015361735,599303,5153495,8481851,4725.239774,33267769252,0,0,14540599801,66271664,6222240,24556,0,14209846,98691840,13972662,66277732
gpu25,convolution,4,0.25,16,8,1,1.85,3025350574,845043,5680221,9602651,8699.519790,33384819981,0,0,26798732530,66368766,6222240,24540,0,14161724,98691840,14017384,66373602
gpu25,convolution,4,0.25,16,8,2,1.85,3035378443,778334,5700046,9517738,8735.400232,33408474225,0,0,26752714972,66350972,6222240,24538,0,14153882,98691840,14017762,66357328
gpu25,convolution,4,0.25,16,8,3,1.85,3030236951,868704,5735601,9612965,8695.536684,33430941950,0,0,26777858897,66518286,6222240,24554,0,14131082,98691840,14055308,66523596
gpu25,convolution,4,0.25,32,2,1,2.86,3032099013,596274,5946560,8875333,4613.255463,33361873102,0,0,14484542394,62733758,6222240,6120,0,16092096,98652960,7151736,63655416
gpu25,convolution,4,0.25,32,2,2,2.85,3033285775,542638,5740066,8652455,4624.274686,33414277838,0,0,14493395786,62724126,6222240,6120,0,16089012,98652960,7154820,63646846
gpu25,convolution,4,0.25,32,2,3,2.85,3020025078,592788,5155624,8421032,4621.180620,33362433649,0,0,14550692562,62735518,6222240,6120,0,16065762,98652960,7178082,63659234
gpu25,convolution,4,0.25,32,4,1,1.87,3025953709,657213,5352957,8710345,4743.217671,33339702652,0,0,14610658030,62743906,6222240,6120,0,16100966,98652960,7142878,63665002
gpu25,convolution,4,0.25,32,4,2,1.87,3019521861,553239,5551048,8326291,4713.828763,33315568160,0,0,14480765797,62724802,6222240,6120,0,16080246,98652960,7163598,63645522
gpu25,convolution,4,0.25,32,4,3,1.86,3007900335,589921,5324091,8246657,4724.079005,33163342651,0,0,14498496936,62765685,6222240,6120,0,16072782,98652960,7171062,63688548
gpu25,convolution,4,0.25,32,8,1,1.89,3030729826,788207,6258788,10644058,8662.900945,33456601099,0,0,26648812980,62757702,6222240,6120,0,16080756,98652960,7163648,63680020
gpu25,convolution,4,0.25,32,8,2,1.84,3021177784,844948,5611055,9911388,8714.325212,33383272878,0,0,26783172399,62738423,6222240,6120,0,16035768,98652960,7208624,63660100
gpu25,convolution,4,0.25,32,8,3,1.86,3025513040,785677,4963120,9236121,8743.050028,33322607237,0,0,26766394852,62727551,6222240,6120,0,16085614,98652960,7158230,63650282
gpu50,convolution,4,0.5,8,2,1,2.27,2249149507,608705,5319774,8686448,3384.536797,23444458721,0,0,10641641138,212633152,12441600,194434,0,63845182,197510400,10812088,212640774
gpu50,convolution,4,0.5,8,2,2,2.28,2260984163,498131,6141511,8817688,3394.805282,23571626610,0,0,10683764436,212604271,12441600,194422,0,63916514,197510400,10746928,212610412
gpu50,convolution,4,0.5,8,2,3,2.27,2255892773,582514,5262974,8655387,3382.177809,23512965451,0,0,10625973801,212660088,12441600,194430,0,63875394,197510400,10803748,212666808
gpu50,convolution,4,0.5,8,4,1,1.63,2264251079,633484,5565650,8788942,3476.124454,23493108387,0,0,10709782763,212529232,12441600,194450,0,63978808,197510400,10691142,212534130
gpu50,convolution,4,0.5,8,4,2,1.63,2265675945,599456,5384570,8906090,3515.953802,23342757365,0,0,10649248837,212472929,12441600,194418,0,63957472,197510400,10705232,212478878
gpu50,convolution,4,0.5,8,4,3,1.63,2282043681,618043,5545619,9104260,3492.675846,23642776947,0,0,10725692509,212571288,12441600,194438,0,63913302,197510400,10738892,212578946
gpu50,convolution,4,0.5,8,8,1,1.61,2243874678,648199,5915884,9084666,6116.577874,23292289056,0,0,18834108896,212552597,12441600,194430,0,63946348,197510400,10723574,212558564
gpu50,convolution,4,0.5,8,8,2,1.61,2251592704,649968,5910739,9163129,6119.477774,23356921726,0,0,18845519978,212336880,12441600,194432,0,64105220,197510400,10574380,212341852
gpu50,convolution,4,0.5,8,8,3,1.63,2256733180,617473,5869250,9225035,6129.887697,23462950183,0,0,18855454330,212426320,12441600,194424,0,64006690,197510400,10645342,212431218
gpu50,convolution,4,0.5,16,2,1,2.20,2187828572,487334,5540954,8307206,3356.695257,23181399574,0,0,10460912682,133722458,12444480,49128,0,28040266,197461440,28407066,133728692
gpu50,convolution,4,0.5,16,2,2,2.18,2182963558,562503,5514261,8611252,3334.190460,23158654657,0,0,10448266992,133684317,12444480,49092,0,28026066,197461440,28374402,133689674
gpu50,convolution,4,0.5,16,2,3,2.19,2185551980,507422,5891711,8705715,3341.706004,23209492646,0,0,10445110713,133995982,12444480,49092,0,27919900,197461440,28489900,134004348
gpu50,convolution,4,0.5,16,4,1,1.52,2183392842,594288,5487551,8963799,3402.489789,23229580311,0,0,10498373581,133619800,12444480,49102,0,28037954,197461440,28382630,133625330
gpu50,convolution,4,0.5,16,4,2,1.52,2195121016,571572,5446000,8691456,3418.477373,23277810497,0,0,10518289408,133249846,12444480,49110,0,28223562,197461440,28189084,133255856
gpu50,convolution,4,0.5,16,4,3,1.53,2176694565,627769,5287631,8861512,3420.785856,23139941226,0,0,10468844139,133737800,12444480,49114,0,28034222,197461440,28365792,133744960
gpu50,convolution,4,0.5,16,8,1,1.52,2186230443,697953,5444362,9045356,6131.184996,23271143029,0,0,18894725958,133469554,12444480,49106,0,28102884,197461440,28302180,133474462
gpu50,convolution,4,0.5,16,8,2,1.52,2186346016,676770,6222999,9321283,6074.408190,23232884634,0,0,18646701328,133787732,12444480,49156,0,28042390,197461440,28465184,133793072
gpu50,convolution,4,0.5,16,8,3,1.51,2177420147,634757,5863269,9014660,6067.024196,23159647035,0,0,18690383871,133750436,12444480,49132,0,28081728,197461440,28370786,133757028
gpu50,convolution,4,0.5,32,2,1,2.18,2178487007,523615,5855096,8722178,3341.686767,23185697668,0,0,10486139515,125642669,12444480,12240,0,32105050,197422560,14434394,127483668
gpu50,convolution,4,0.5,32,2,2,2.17,2176807055,588957,5399315,8794708,3322.545082,23166578179,0,0,10449787008,125617340,12444480,12240,0,32123070,197422560,14420146,127456760
gpu50,convolution,4,0.5,32,2,3,2.17,2179644204,570436,5724286,8567892,3330.905090,23206844046,0,0,10465942877,125608178,12444480,12240,0,32099434,197422560,14440010,127446260
gpu50,convolution,4,0.5,32,4,1,1.52,2188804904,511676,5355406,8652796,3397.986052,23227850607,0,0,10493634617,125607532,12444480,12240,0,32088878,197422560,14450554,127447958
gpu50,convolution,4,0.5,32,4,2,1.53,2178404046,578859,5569620,9057106,3416.419569,23214713359,0,0,10461473316,125608979,12444480,12240,0,32071688,197422560,14469636,127449302
gpu50,convolution,4,0.5,32,4,3,1.52,2176805444,605232,5736246,9113950,3403.773285,23207707019,0,0,10481972538,125614322,12444480,12240,0,32061538,197422560,14477762,127455050
gpu50,convolution,4,0.5,32,8,1,1.52,2184227799,688380,5901816,9713356,6068.481114,23247417212,0,0,18667885635,125595460,12444480,12240,0,32099676,197422560,14439792,127434906
gpu50,convolution,4,0.5,32,8,2,1.53,2168231765,627457,6018283,9141794,6054.735747,22995701625,0,0,18622853429,125622992,12444480,12240,0,32081330,197422560,14458126,127463546
gpu50,convolution,4,0.5,32,8,3,1.52,2187052308,630369,5872438,9682518,6085.523135,23239785292,0,0,18586122783,125627164,12444480,12240,0,32066668,197422560,14472776,127466064
gpu75,convolution,4,0.75,8,2,1,1.70,1464616662,522426,5679252,8584152,2140.441914,13474166770,0,0,6688199519,320011960,18663840,292356,0,95607736,296280000,16390116,320016928
gpu75,convolution,4,0.75,8,2,2,1.71,1449524431,489375,5506861,8260711,2155.133987,13449965408,0,0,6711471417,319703318,18663840,292358,0,95828812,296280000,16164358,319708244
gpu75,convolution,4,0.75,8,2,3,1.70,1466388394,554058,5633067,8120634,2133.565508,13544495447,0,0,6731182430,319442384,18663840,292376,0,96022098,296280000,16009354,319448162
gpu75,convolution,4,0.75,8,4,1,1.38,1447174597,504750,5302409,7577914,2232.785439,13280153033,0,0,6767719918,319604624,18663840,292372,0,95882732,296280000,16133808,319611050
gpu75,convolution,4,0.75,8,4,2,1.38,1464372137,548669,5740152,8317751,2193.699764,13539467017,0,0,6696985955,319431296,18663840,292364,0,96046940,296280000,15992954,319436282
gpu75,convolution,4,0.75,8,4,3,1.40,1437303141,456419,5876846,9310819,2211.121285,13350739783,0,0,6740217779,319601052,18663840,292366,0,95878474,296280000,16145138,319606326
gpu75,convolution,4,0.75,8,8,1,1.36,1468527616,601771,5930326,9714238,3510.234781,13597325894,0,0,10811463866,320029086,18663840,292336,0,95617230,296280000,16380714,320034042
gpu75,convolution,4,0.75,8,8,2,1.39,1472282390,568828,5932069,9275992,3509.099933,13595494156,0,0,10779131699,319669676,18663840,292346,0,95879040,296280000,16165204,319675432
gpu75,convolution,4,0.75,8,8,3,1.38,1456404698,616457,5871352,8121087,3525.576530,13500614913,0,0,10728940242,319614098,18663840,292358,0,95901646,296280000,16107914,319618966
gpu75,convolution,4,0.75,16,2,1,1.61,1335993432,469040,5826310,8662226,2062.120413,13041125091,0,0,6400301383,200734022,18666720,73682,0,42026202,296231040,42653120,200739298
gpu75,convolution,4,0.75,16,2,2,1.60,1346763552,510458,5639289,8401741,2052.734430,13007191493,0,0,6377207180,200987836,18666720,73666,0,41979016,296231040,42719018,200992566
gpu75,convolution,4,0.75,16,2,3,1.61,1340199337,537424,5505530,8119987,2056.954203,13010060946,0,0,6366371486,200814604,18666720,73666,0,42049972,296231040,42635942,200820724
gpu75,convolution,4,0.75,16,4,1,1.27,1346092453,524678,5878473,9464902,2084.508855,13083833952,0,0,6451457093,201058893,18666720,73596,0,41925354,296231040,42710106,201066154
gpu75,convolution,4,0.75,16,4,2,1.30,1330450044,496800,5717452,8636704,2093.239783,12935445077,0,0,6282854834,200662582,18666720,73624,0,42092318,296231040,42562204,200667950
gpu75,convolution,4,0.75,16,4,3,1.28,1344373150,545780,5725400,8575795,2092.897269,13067114350,0,0,6404365541,200984846,18666720,73640,0,41933120,296231040,42708848,200992322
gpu75,convolution,4,0.75,16,8,1,1.29,1343360395,544736,5884836,8635200,3427.806574,13007377322,0,0,10390961104,200730952,18666720,73688,0,42020216,296231040,42630096,200735704
gpu75,convolution,4,0.75,16,8,2,1.29,1353920845,608355,5708712,8894476,3422.760398,13099442854,0,0,10461308382,200753519,18666720,73714,0,42066104,296231040,42608662,200761388
gpu75,convolution,4,0.75,16,8,3,1.27,1349676064,653958,5913704,9319938,3421.842481,13087312574,0,0,10503272722,200540382,18666720,73662,0,42133002,296231040,42553532,200547860
gpu75,convolution,4,0.75,32,2,1,1.60,1333330990,489142,5661079,7641601,2057.289232,12996245599,0,0,6394365744,188736593,18666720,18360,0,48115862,296192160,21719570,191491992
gpu75,convolution,4,0.75,32,2,2,1.60,1347551740,583946,5757919,8844609,2044.870379,13036214092,0,0,6392168412,188728931,18666720,18360,0,48078914,296192160,21756106,191486142
gpu75,convolution,4,0.75,32,2,3,1.61,1322282953,469823,5587725,8333734,2055.541400,12954679789,0,0,6376350808,188719383,18666720,18360,0,48086282,296192160,21748750,191476088
gpu75,convolution,4,0.75,32,4,1,1.28,1322508491,510935,5269768,8272382,2100.380962,12994919090,0,0,6350138663,188782373,18666720,18360,0,48100314,296192160,21735118,191539602
gpu75,convolution,4,0.75,32,4,2,1.28,1350638544,529552,5893329,8907785,2086.847513,13040649092,0,0,6330642126,188720191,18666720,18360,0,48075078,296192160,21759734,191475986
gpu75,convolution,4,0.75,32,4,3,1.30,1335853450,542446,5794819,8484893,2092.566457,12992791956,0,0,6323841114,188719370,18666720,18360,0,48035852,296192160,21799580,191475456
gpu75,convolution,4,0.75,32,8,1,1.27,1292866047,576342,6088385,10113401,3415.718532,12908723195,0,0,10489431305,188744807,18666720,18360,0,48042154,296192160,21792878,191501704
gpu75,convolution,4,0.75,32,8,2,1.28,1346565567,630867,5845617,9744043,3419.107174,13091120073,0,0,10486779477,188731987,18666720,18360,0,48045230,296192160,21790190,191489676
gpu75,convolution,4,0.75,32,8,3,1.27,1337424475,596744,5987380,10047956,3430.463390,13133223112,0,0,10521291009,188744823,18666720,18360,0,48087606,296192160,21747982,191513208
sequ,convolution,7,0,0,1,1,1.70,991424836,434544,1994202,3609671,1501.822995,10919433609,0,0,4816383536,NA,NA,NA,NA,NA,NA,NA,NA
sequ,convolution,7,0,0,1,2,1.69,987701041,442962,2053517,3318428,1498.622251,10935258747,0,0,4779656806,NA,NA,NA,NA,NA,NA,NA,NA
sequ,convolution,7,0,0,1,3,1.72,982458586,415127,2323777,4013530,1511.261024,10863593165,0,0,4784097303,NA,NA,NA,NA,NA,NA,NA,NA
gpuo,convolution,7,1,8,0,1,0.46,197078555,374724,2513910,3494004,300.421476,1037320554,0,0,848200734,104573850,6220800,97212,0,33205378,98755200,4122730,104579718
gpuo,convolution,7,1,8,0,2,0.45,173203742,373844,1925035,3562118,301.177723,900319004,0,0,825344504,104752008,6220800,97204,0,33133740,98755200,4195074,104757658
gpuo,convolution,7,1,8,0,3,0.45,172412967,365087,1891709,3785800,301.050485,897513812,0,0,822927475,104535078,6220800,97198,0,33171692,98755200,4120934,104541426
gpuo,convolution,7,1,16,0,1,0.45,132293262,363053,2060038,3947611,270.667270,790306276,0,0,716575940,65822744,6222240,24534,0,14511558,98730720,13661682,65829204
gpuo,convolution,7,1,16,0,2,0.46,142481646,394589,1879284,2930140,271.313781,785412840,0,0,698570992,65796686,6222240,24580,0,14529490,98730720,13661640,65801726
gpuo,convolution,7,1,16,0,3,0.45,140206575,395457,1891036,3272429,271.712443,773486354,0,0,740134271,66107590,6222240,24572,0,14427956,98730720,13759962,66112576
gpuo,convolution,7,1,32,0,1,0.46,138158497,380137,1712012,3441264,268.803582,780041165,0,0,748503047,63688562,6222240,6120,0,15825608,98711280,7409852,64608274
gpuo,convolution,7,1,32,0,2,0.48,130568317,358160,1796217,3553474,276.296145,740519788,0,0,700326621,63685852,6222240,6120,0,15812148,98711280,7427108,64604958
gpuo,convolution,7,1,32,0,3,0.45,139806611,428425,2173256,3949310,274.997348,814560916,0,0,753738430,63722056,6222240,6120,0,15821196,98711280,7416156,64643776
cpuo,convolution,7,0,0,2,1,1.07,996260907,411761,2425616,4007288,1544.396037,11056107251,0,0,4803356945,NA,NA,NA,NA,NA,NA,NA,NA
cpuo,convolution,7,0,0,2,2,1.08,990101969,418114,2279560,3508537,1547.526773,11013798689,0,0,4820555467,NA,NA,NA,NA,NA,NA,NA,NA
cpuo,convolution,7,0,0,2,3,1.07,990144271,414898,2383369,4108858,1538.974202,10967622171,0,0,4785850206,NA,NA,NA,NA,NA,NA,NA,NA
cpuo,convolution,7,0,0,4,1,0.77,989269143,471905,2157838,3891639,1590.447139,10964396069,0,0,4769737120,NA,NA,NA,NA,NA,NA,NA,NA
cpuo,convolution,7,0,0,4,2,0.74,989363260,449897,2278283,3774725,1574.814782,10874069662,0,0,4755339574,NA,NA,NA,NA,NA,NA,NA,NA
cpuo,convolution,7,0,0,4,3,0.77,983273316,453662,2053786,3496775,1582.421753,10879998393,0,0,4744781131,NA,NA,NA,NA,NA,NA,NA,NA
cpuo,convolution,7,0,0,8,1,0.74,977162155,466694,2290639,3497313,2904.322142,10731983208,0,0,8837964917,NA,NA,NA,NA,NA,NA,NA,NA
cpuo,convolution,7,0,0,8,2,0.74,980074466,529376,2192786,3709105,2903.536387,10757544780,0,0,8836575765,NA,NA,NA,NA,NA,NA,NA,NA
cpuo,convolution,7,0,0,8,3,0.74,977420159,517047,2315990,3781165,2912.841882,10698834204,0,0,8680892279,NA,NA,NA,NA,NA,NA,NA,NA
gpu25,convolution,7,0.25,8,2,1,1.05,796120992,464698,2365653,3600314,1245.591558,8490581350,0,0,3842521529,26334177,1566720,24482,720,8243336,24832800,1058458,26339646
gpu25,convolution,7,0.25,8,2,2,0.96,792831821,464275,2148169,3459333,1243.050981,8430844767,0,0,3793438954,26302630,1566720,24480,720,8262728,24832800,1042386,26307450
gpu25,convolution,7,0.25,8,2,3,0.96,805522850,411514,2343433,3505379,1231.059534,8508024030,0,0,3833059097,26199454,1566720,24482,720,8330834,24832800,984214,26204666
gpu25,convolution,7,0.25,8,4,1,0.73,780943525,436338,1702093,3469258,1259.140353,8423333485,0,0,3798716891,26289454,1566720,24484,720,8273784,24832800,1036744,26294818
gpu25,convolution,7,0.25,8,4,2,0.73,779868821,406704,2344224,3906213,1297.188388,8395774459,0,0,3802650952,26254214,1566720,24480,720,8282320,24832800,1020258,26260070
gpu25,convolution,7,0.25,8,4,3,0.72,782944955,479251,2146876,3766849,1296.597870,8392361312,0,0,3799242753,26172765,1566720,24488,720,8330930,24832800,981604,26177666
gpu25,convolution,7,0.25,8,8,1,0.71,791898168,553933,2210772,4027125,2277.640608,8497727646,0,0,6860091522,26310575,1566720,24478,720,8255814,24832800,1049988,26315456
gpu25,convolution,7,0.25,8,8,2,0.71,794971747,512788,2153571,3639362,2263.638833,8494483547,0,0,6876739662,26205314,1566720,24482,720,8308698,24832800,996772,26210608
gpu25,convolution,7,0.25,8,8,3,0.72,784148141,500646,1996500,4044032,2258.898422,8451734462,0,0,6831200640,26068181,1566720,24482,720,8393918,24832800,931538,26073254
gpu25,convolution,7,0.25,16,2,1,0.96,779862557,472915,2020172,3497362,1242.994766,8474732577,0,0,3840120335,16302726,1555560,6138,0,3736904,24653520,3284626,16307774
gpu25,convolution,7,0.25,16,2,2,0.98,781411851,405790,2322871,3571063,1296.889329,8497959550,0,0,3959367633,16339886,1555560,6132,0,3717750,24653520,3298622,16345058
gpu25,convolution,7,0.25,16,2,3,0.99,762673157,520327,1983098,3683624,1248.455559,8359843282,0,0,3783826192,16263644,1555560,6140,0,3754798,24653520,3268752,16269306
gpu25,convolution,7,0.25,16,4,1,0.72,768958282,516279,1968172,3888174,1283.816344,8330568846,0,0,3719865828,16310542,1555560,6132,0,3719502,24653520,3296372,16316674
gpu25,convolution,7,0.25,16,4,2,0.73,770312500,463132,2191706,3731572,1262.374769,8305902823,0,0,3708934116,16260924,1555560,6138,0,3744182,24653520,3278674,16265726
gpu25,convolution,7,0.25,16,4,3,0.71,776301849,472497,2255929,3662442,1259.087377,8377456607,0,0,3752956625,16312494,1555560,6128,0,3714654,24653520,3296486,16317192
gpu25,convolution,7,0.25,16,8,1,0.73,780037841,517393,2016170,3932556,2245.889287,8460134107,0,0,6835303788,16237792,1555560,6132,0,3773284,24653520,3240360,16243814
gpu25,convolution,7,0.25,16,8,2,0.72,790296528,537228,2179270,3501940,2246.424872,8471659855,0,0,6853991671,16420730,1555560,6138,0,3690528,24653520,3333038,16425894
gpu25,convolution,7,0.25,16,8,3,0.72,784411682,489385,2211682,3351748,2251.719834,8447824461,0,0,6838884876,16334306,1555560,6140,0,3722366,24653520,3303248,16339776
gpu25,convolution,7,0.25,32,2,1,0.98,772828908,494391,1939207,3564029,1247.976435,8370517561,0,0,3844789886,16282090,1558440,1620,0,4022730,24662880,1767390,16528502
gpu25,convolution,7,0.25,32,2,2,0.96,781965423,508439,2011137,3445691,1243.185316,8384871350,0,0,3810032371,16273426,1558440,1620,0,4018976,24662880,1771244,16519982
gpu25,convolution,7,0.25,32,2,3,0.96,779695653,446936,1984610,3523206,1245.933768,8395391967,0,0,3785770635,16275108,1558440,1620,0,4028352,24662880,1761636,16521420
gpu25,convolution,7,0.25,32,4,1,0.71,787328958,484750,2161534,3600796,1254.954800,8434600949,0,0,3788205853,16268556,1558440,1620,0,4019196,24662880,1771180,16514654
gpu25,convolution,7,0.25,32,4,2,0.74,765750702,470830,2013609,3915222,1313.574037,8144857153,0,0,3817990813,16270081,1558440,1620,0,4025372,24662880,1764848,16516098
gpu25,convolution,7,0.25,32,4,3,0.73,777136483,383734,2332879,4030133,1269.496707,8408305555,0,0,3715037758,16273441,1558440,1620,0,4024258,24662880,1766498,16520658
gpu25,convolution,7,0.25,32,8,1,0.71,782117065,525221,2132656,3686967,2243.552801,8467047575,0,0,6868444268,16275992,1558440,1620,0,4025960,24662880,1764136,16522244
gpu25,convolution,7,0.25,32,8,2,0.71,776328371,560523,2043599,3958677,2258.302180,8454447927,0,0,6836086904,16270347,1558440,1620,0,4021806,24662880,1768402,16516666
gpu25,convolution,7,0.25,32,8,3,0.74,774620593,501807,2077755,4168527,2271.288679,8469427120,0,0,6810606254,16272332,1558440,1620,0,4021306,24662880,1768502,16518792
gpu50,convolution,7,0.5,8,2,1,0.79,600661231,382129,2212092,4146137,929.311096,6020101951,0,0,2795812484,52593922,3111120,48964,0,16607198,49384800,2032442,52598780
gpu50,convolution,7,0.5,8,2,2,0.79,584878511,358618,2229779,4097584,918.930393,5841210923,0,0,2758422934,52620852,3111120,48962,0,16580564,49384800,2061124,52625718
gpu50,convolution,7,0.5,8,2,3,0.81,585612219,350156,2487562,3760643,933.231583,5900477334,0,0,2805019496,52556981,3111120,48964,0,16612888,49384800,2026582,52561832
gpu50,convolution,7,0.5,8,4,1,0.63,580529332,495326,2123686,3504812,941.067958,5846340954,0,0,2705997210,52540628,3111120,48958,0,16634796,49384800,2014600,52545480
gpu50,convolution,7,0.5,8,4,2,0.63,581036610,462899,2105706,3560314,939.580204,5919224424,0,0,2736905264,52536966,3111120,48964,0,16601218,49384800,2028392,52542066
gpu50,convolution,7,0.5,8,4,3,0.65,579185507,438107,1955170,3844466,945.479050,5802789615,0,0,2690915438,52558393,3111120,48960,0,16571450,49384800,2037718,52563444
gpu50,convolution,7,0.5,8,8,1,0.65,587736543,499515,2189151,4143869,1610.006636,5992444126,0,0,4825307210,52680340,3111120,48962,0,16554472,49384800,2092396,52685304
gpu50,convolution,7,0.5,8,8,2,0.65,590077367,451229,2188537,3694823,1631.305039,5819668667,0,0,4873361031,52612466,3111120,48964,0,16576640,49384800,2057644,52617476
gpu50,convolution,7,0.5,8,8,3,0.62,583172223,508432,2114794,3660481,1606.923571,5915950635,0,0,4733669970,52725075,3111120,48962,0,16520952,49384800,2115154,52730904
gpu50,convolution,7,0.5,16,2,1,0.79,570198525,415171,2234757,3936552,904.708912,5841267441,0,0,2699472384,32966636,3111120,12280,0,7268906,49345920,6807084,32972728
gpu50,convolution,7,0.5,16,2,2,0.81,567334357,421032,2036757,3399702,928.826547,5868921078,0,0,2808757679,32791036,3111120,12264,0,7312936,49345920,6750810,32797204
gpu50,convolution,7,0.5,16,2,3,0.79,567351078,388378,2409425,4002801,912.133268,5823362420,0,0,2736866474,32869416,3111120,12266,0,7292664,49345920,6773566,32875292
gpu50,convolution,7,0.5,16,4,1,0.62,562925466,469128,2282409,3623071,919.103249,5809672138,0,0,2697613548,32851772,3111120,12286,0,7319570,49345920,6754416,32858608
gpu50,convolution,7,0.5,16,4,2,0.63,579983094,404744,2257101,3861713,931.286020,5904288822,0,0,2721036334,32932042,3111120,12280,0,7274134,49345920,6798228,32936932
gpu50,convolution,7,0.5,16,4,3,0.63,572423124,386366,2367537,3797555,933.276791,5795819585,0,0,2626330372,33108810,3111120,12274,0,7215162,49345920,6852572,33115536
gpu50,convolution,7,0.5,16,8,1,0.64,566767412,487952,2210714,4007460,1586.892931,5865818797,0,0,4681769032,32831037,3111120,12262,0,7282930,49345920,6782244,32836534
gpu50,convolution,7,0.5,16,8,2,0.64,561756313,493593,2212698,4069497,1593.031527,5791353905,0,0,4613232734,32608575,3111120,12262,0,7384814,49345920,6676552,32615460
gpu50,convolution,7,0.5,16,8,3,0.62,572147510,506840,2349933,3946965,1594.077179,5920230823,0,0,4687722536,32938282,3111120,12244,0,7253528,49345920,6779510,32944086
gpu50,convolution,7,0.5,32,2,1,0.79,576371729,367490,2537694,3730018,913.988650,5846500999,0,0,2727905992,31859967,3111120,3060,0,7924940,49326480,3680824,32320970
gpu50,convolution,7,0.5,32,2,2,0.80,569497093,465178,2452487,3520153,911.910034,5795961813,0,0,2766686397,31868775,3111120,3060,0,7922456,49326480,3684012,32329870
gpu50,convolution,7,0.5,32,2,3,0.79,568495934,413478,2242395,3911521,907.855343,5838145609,0,0,2726418500,31859663,3111120,3060,0,7921570,49326480,3684050,32320232
gpu50,convolution,7,0.5,32,4,1,0.63,569944549,465411,2185029,3823381,929.800964,5899364223,0,0,2739406956,31869534,3111120,3060,0,7912692,49326480,3693072,32330218
gpu50,convolution,7,0.5,32,4,2,0.64,573410819,348527,2369334,3612316,947.931242,5774935195,0,0,2731164161,31858266,3111120,3060,0,7923532,49326480,3682244,32319046
gpu50,convolution,7,0.5,32,4,3,0.65,564977746,377231,2244545,4066083,925.445704,5702913867,0,0,2645363541,31854955,3111120,3060,0,7927898,49326480,3678702,32316112
gpu50,convolution,7,0.5,32,8,1,0.62,567881157,515400,2369164,3927795,1588.646724,5910093942,0,0,4734238865,31867103,3111120,3060,0,7929866,49326480,3675886,32328134
gpu50,convolution,7,0.5,32,8,2,0.63,578445936,501906,2028486,3604424,1591.203532,5799972569,0,0,4580391284,31867630,3111120,3060,0,7925726,49326480,3680574,32328528
gpu50,convolution,7,0.5,32,8,3,0.63,561244248,490940,2216580,4067555,1586.570785,5834576323,0,0,4711801292,31869091,3111120,3060,0,7921778,49326480,3684546,32330448
gpu75,convolution,7,0.75,8,2,1,0.62,385552727,488695,2181087,3899595,612.545826,3498084842,0,0,1774464538,78409018,4677840,73444,720,25098968,74217600,2896170,78415638
gpu75,convolution,7,0.75,8,2,2,0.62,389742405,466521,2266916,3969953,607.956758,3483559017,0,0,1807072215,78847908,4677840,73450,720,24860048,74217600,3105362,78853010
gpu75,convolution,7,0.75,8,2,3,0.62,373220046,410416,2204013,3657721,619.286244,3393181105,0,0,1821023988,78717951,4677840,73444,720,24939314,74217600,3049996,78723260
gpu75,convolution,7,0.75,8,4,1,0.55,382266534,360275,1965153,3024119,619.739984,3374069025,0,0,1752972818,78704124,4677840,73442,720,24969328,74217600,3034934,78712026
gpu75,convolution,7,0.75,8,4,2,0.54,387889277,368678,2147995,3052947,625.942362,3388901410,0,0,1791104892,78898510,4677840,73442,720,24839466,74217600,3140684,78903832
gpu75,convolution,7,0.75,8,4,3,0.54,381675043,359595,2013614,3032627,623.472853,3354943589,0,0,1834964684,79030629,4677840,73438,720,24772126,74217600,3204244,79036156
gpu75,convolution,7,0.75,8,8,1,0.55,383982981,414445,2039275,3674478,966.042344,3429895475,0,0,2846575872,78668822,4677840,73448,720,24968174,74217600,3013818,78674300
gpu75,convolution,7,0.75,8,8,2,0.54,385605642,371813,1966768,3209114,945.965264,3445087912,0,0,2791498311,78881328,4677840,73446,720,24844692,74217600,3122038,78886646
gpu75,convolution,7,0.75,8,8,3,0.54,365955894,378341,2134331,3030412,951.103971,3239541041,0,0,2801109811,78978838,4677840,73442,720,24810160,74217600,3161022,78984564
gpu75,convolution,7,0.75,16,2,1,0.63,352486234,436441,2183079,3520336,593.350085,3297250939,0,0,1730250204,49767030,4666680,18408,0,10861594,74038320,10254836,49772650
gpu75,convolution,7,0.75,16,2,2,0.62,356628353,357092,2204687,3907127,597.881021,3327558027,0,0,1718191500,49531062,4666680,18418,0,10964900,74038320,10162318,49536054
gpu75,convolution,7,0.75,16,2,3,0.63,356353958,417705,2367079,3581860,598.019756,3323623478,0,0,1723434019,49520462,4666680,18424,0,10990532,74038320,10143796,49526618
gpu75,convolution,7,0.75,16,4,1,0.56,347639499,472695,2302742,3973431,619.256786,3298760861,0,0,1762964425,49563470,4666680,18392,0,10922686,74038320,10177780,49568376
gpu75,convolution,7,0.75,16,4,2,0.57,349514019,446780,2349948,4055679,610.012882,3320782970,0,0,1760601849,49527510,4666680,18400,0,10945606,74038320,10164742,49532188
gpu75,convolution,7,0.75,16,4,3,0.55,363174310,308791,2219701,4059103,599.883658,3310701501,0,0,1654856572,49563578,4666680,18418,0,10958526,74038320,10170704,49569066
gpu75,convolution,7,0.75,16,8,1,0.55,341097007,379545,2303589,3330825,929.495155,3085630073,0,0,2756161573,49497024,4666680,18422,0,10977168,74038320,10158086,49502192
gpu75,convolution,7,0.75,16,8,2,0.55,357624846,324714,2143761,3774754,930.540278,3351052863,0,0,2762508993,49723202,4666680,18404,0,10867428,74038320,10248122,49728160
gpu75,convolution,7,0.75,16,8,3,0.54,349131190,322862,2254722,3707896,923.052634,3209644300,0,0,2653991802,49468458,4666680,18416,0,10943376,74038320,10186508,49474052
gpu75,convolution,7,0.75,32,2,1,0.62,352904546,419626,2389336,3619563,586.547895,3350981145,0,0,1727377862,48279119,4669560,4680,0,11866994,74047680,5554558,48985802
gpu75,convolution,7,0.75,32,2,2,0.62,352523960,426599,2367281,3621243,588.865934,3347939367,0,0,1711651955,48266317,4669560,4680,0,11863894,74047680,5562774,48972092
gpu75,convolution,7,0.75,32,2,3,0.65,352603991,421162,2056780,3452393,596.621077,3285127006,0,0,1681804994,48280813,4669560,4680,0,11863814,74047680,5542690,48987050
gpu75,convolution,7,0.75,32,4,1,0.55,352808955,467664,2115407,3621457,602.931761,3297967841,0,0,1758092011,48293952,4669560,4680,0,11867128,74047680,5559396,48999950
gpu75,convolution,7,0.75,32,4,2,0.54,360375770,337765,2101525,3678391,595.783221,3274591661,0,0,1727258182,48302963,4669560,4680,0,11861184,74047680,5570444,49010786
gpu75,convolution,7,0.75,32,4,3,0.56,354487943,328605,2328404,3260534,600.106415,3259065485,0,0,1746171040,48255003,4669560,4680,0,11857856,74047680,5563864,48961438
gpu75,convolution,7,0.75,32,8,1,0.54,345132185,362909,2447195,3344624,928.312135,3210505854,0,0,2719507037,48290098,4669560,4680,0,11870744,74047680,5550808,48996330
gpu75,convolution,7,0.75,32,8,2,0.54,355785649,431057,2209232,3350861,963.335747,3306851831,0,0,2819382585,48289236,4669560,4680,0,11862360,74047680,5554088,48995014
gpu75,convolution,7,0.75,32,8,3,0.54,347540386,399131,2120752,3584729,931.339597,3225718882,0,0,2740345448,48270909,4669560,4680,0,11860482,74047680,5560938,48977432
